{
  "swagger" : "2.0",
  "info" : {
    "title" : "writeToMQ",
    "version" : "1.0.0",
    "description" : "writeToMQ"
  },
  "paths" : {
    "/execute" : {
      "post" : {
        "operationId" : "postExecute",
        "responses" : {
          "200" : {
            "description" : "The operation was successful.",
            "schema" : {
              "$ref" : "#/definitions/response"
            }
          }
        },
        "consumes" : [ "application/json" ],
        "produces" : [ "application/json" ],
        "description" : "Put a valid HL7 Message on MQ",
        "parameters" : [ {
          "name" : "body",
          "in" : "body",
          "schema" : {
            "type" : "string"
          },
          "description" : "The request body for the operation",
          "required" : true
        } ]
      }
    }
  },
  "basePath" : "/writetomq/v1",
  "definitions" : {
    "response" : {
      "type" : "string"
    }
  }
}