{
  "swagger" : "2.0",
  "info" : {
    "title" : "de_q",
    "version" : "1.0.0",
    "description" : "de_q"
  },
  "paths" : {
    "/msg" : {
      "get" : {
        "operationId" : "getMsg",
        "responses" : {
          "200" : {
            "description" : "The operation was successful.",
            "schema" : {
              "$ref" : "#/definitions/response"
            }
          }
        },
        "produces" : [ "application/json" ],
        "description" : "Retrieve msg"
      }
    }
  },
  "basePath" : "/de_q/v1",
  "definitions" : {
    "response" : {
      "type" : "object"
    }
  }
}